HITId,HITTypeId,,,,Reward,CreationTime,,,,,,,,AssignmentId,WorkerId,,,,,,,,WorkTimeInSeconds,,,,Input.links,Answer.suggestion_texts,Answer.surveycode,,Duration (min.)
3MG8450X2PL8TBFR50SVZE4SWDWPUX,3T5H7R2NRDVYOAEKH1BETGKV1NUWZ5,,,,$0.40 ,Mon Apr 13 15:33:23 PDT 2020,,,,,,,,37QW5D2ZRIX9UQLZKG0LNBN3HP38SK,A3MJCHFORYK0US,,,,,,,,2887,,,,http://people.tamu.edu/~sina.mohseni/explanationsrating.html?key=0,"please, don't reject my HIT because i submitted with my mturk ID. i am not sure if this is correct but this is what i found on the tab that was meant to have the work code: [{""i"":""mturk_id"",""r"":""A3MJCHFORYK0US"",""d"":0},{""i"":""2007_000528"",""r"":""8""},{""i"":""2007_000876"",""r"":""4""},{""i"":""2007_003778"",""r"":""8""},{""i"":""2008_000824"",""r"":""5""},{""i"":""2008_000950"",""r"":""8""},{""i"":""2008_001980"",""r"":""8""},{""i"":""2008_002177"",""r"":""8""},{""i"":""2008_002225"",""r"":""6""},{""i"":""2008_002294"",""r"":""6""},{""i"":""2008_002299"",""r"":""8""},{""i"":""2008_002410"",""r"":""6""},{""i"":""2008_002583"",""r"":""7""},{""i"":""2008_003386"",""r"":""7""},{""i"":""2008_003559"",""r"":""5""},{""i"":""2008_003559"",""r"":""5""},{""i"":""2008_003559"",""r"":""5""}]",A3MJCHFORYK0US,40,4
3MG8450X2PL8TBFR50SVZE4SWDWPUX,3T5H7R2NRDVYOAEKH1BETGKV1NUWZ5,,,,$0.40 ,Mon Apr 13 15:33:23 PDT 2020,,,,,,,,3CTOC39K391CV9XQNHZ1HA0LAL27JW,A28HQQPBN2MUNR,,,,,,,,1196,,,,http://people.tamu.edu/~sina.mohseni/explanationsrating.html?key=0,{},"[{""i"":""mturk_id"",""r"":""A28HQQPBN2MUNR"",""d"":0},{""i"":""2007_000528"",""r"":""8""},{""i"":""2007_000876"",""r"":""4""},{""i"":""2007_003778"",""r"":""10""},{""i"":""2008_000824"",""r"":""2""},{""i"":""2008_000950"",""r"":""10""},{""i"":""2008_001980"",""r"":""7""},{""i"":""2008_002177"",""r"":""5""},{""i"":""2008_002225"",""r"":""3""},{""i"":""2008_002294"",""r"":""2""},{""i"":""2008_002299"",""r"":""10""},{""i"":""2008_002410"",""r"":""8""},{""i"":""2008_002583"",""r"":""8""},{""i"":""2008_003386"",""r"":""8""},{""i"":""2008_003559"",""r"":""6""}]",70,10
3MG8450X2PL8TBFR50SVZE4SWDWPUX,3T5H7R2NRDVYOAEKH1BETGKV1NUWZ5,,,,$0.40 ,Mon Apr 13 15:33:23 PDT 2020,,,,,,,,3ERMJ6L4D032WH3BQECTX2S2EGE7MJ,A3PQ5Q456J981M,,,,,,,,2928,,,,http://people.tamu.edu/~sina.mohseni/explanationsrating.html?key=0,code not found,"[{""i"":""mturk_id"",""r"":""A3PQ5Q456J981M"",""d"":0},{""i"":""2007_000528"",""r"":""10""},{""i"":""2007_000876"",""r"":""9""},{""i"":""2007_003778"",""r"":""7""},{""i"":""2008_000824"",""r"":""8""},{""i"":""2008_000950"",""r"":""3""},{""i"":""2008_001980"",""r"":""8""},{""i"":""2008_002177"",""r"":""7""},{""i"":""2008_002225"",""r"":""8""},{""i"":""2008_002225"",""r"":""6""},{""i"":""2008_002294"",""r"":""8""},{""i"":""2008_002299"",""r"":""10""},{""i"":""2008_002410"",""r"":""8""},{""i"":""2008_002583"",""r"":""9""},{""i"":""2008_003386"",""r"":""9""},{""i"":""2008_003559"",""r"":""9""}]",50,5
3MG8450X2PL8TBFR50SVZE4SWDWPUX,3T5H7R2NRDVYOAEKH1BETGKV1NUWZ5,,,,$0.40 ,Mon Apr 13 15:33:23 PDT 2020,,,,,,,,3PMBY0YE29ET1EFDSMGZ82EWFS89CP,AZ4HOU8N4FZ53,,,,,,,,1020,,,,http://people.tamu.edu/~sina.mohseni/explanationsrating.html?key=0,NO,"data:text/json;charset=utf-8,%5B%7B%22i%22%3A%22mturk_id%22%2C%22r%22%3A%22AZ4HOU8N4FZ53%22%2C%22d%22%3A0%7D%2C%7B%22i%22%3A%222007_000528%22%2C%22r%22%3A%227%22%7D%2C%7B%22i%22%3A%222007_000876%22%2C%22r%22%3A%222%22%7D%2C%7B%22i%22%3A%222007_003778%22%2C%22r%22%3A%228%22%7D%2C%7B%22i%22%3A%222008_000824%22%2C%22r%22%3A%221%22%7D%2C%7B%22i%22%3A%222008_000950%22%2C%22r%22%3A%226%22%7D%2C%7B%22i%22%3A%222008_001980%22%2C%22r%22%3A%227%22%7D%2C%7B%22i%22%3A%222008_002177%22%2C%22r%22%3A%222%22%7D%2C%7B%22i%22%3A%222008_002225%22%2C%22r%22%3A%222%22%7D%2C%7B%22i%22%3A%222008_002294%22%2C%22r%22%3A%223%22%7D%2C%7B%22i%22%3A%222008_002299%22%2C%22r%22%3A%227%22%7D%2C%7B%22i%22%3A%222008_002410%22%2C%22r%22%3A%226%22%7D%2C%7B%22i%22%3A%222008_002583%22%2C%22r%22%3A%224%22%7D%2C%7B%22i%22%3A%222008_003386%22%2C%22r%22%3A%226%22%7D%2C%7B%22i%22%3A%222008_003559%22%2C%22r%22%3A%223%22%7D%5D",70,10
3MG8450X2PL8TBFR50SVZE4SWDWPUX,3T5H7R2NRDVYOAEKH1BETGKV1NUWZ5,,,,$0.40 ,Mon Apr 13 15:33:23 PDT 2020,,,,,,,,3QXNC7EIPK697MKXG6NFD1CV62Z90I,ATXUM0GBU5MC8,,,,,,,,1571,,,,http://people.tamu.edu/~sina.mohseni/explanationsrating.html?key=0,GOOD,"[{""i"":""mturk_id"",""r"":""ATXUM0GBU5MC8"",""d"":0},{""i"":""2007_000528"",""r"":""6""},{""i"":""2007_000876"",""r"":""8""},{""i"":""2007_003778"",""r"":""4""},{""i"":""2008_000824"",""r"":""4""},{""i"":""2008_000950"",""r"":""5""},{""i"":""2008_001980"",""r"":""7""},{""i"":""2008_002177"",""r"":""5""},{""i"":""2008_002225"",""r"":""7""},{""i"":""2008_002294"",""r"":""9""},{""i"":""2008_002299"",""r"":""7""},{""i"":""2008_002410"",""r"":""6""},{""i"":""2008_002583"",""r"":""8""},{""i"":""2008_003386"",""r"":""10""},{""i"":""2008_003559"",""r"":""9""}]",70,10
3MG8450X2PL8TBFR50SVZE4SWDWPUX,3T5H7R2NRDVYOAEKH1BETGKV1NUWZ5,,,,$0.40 ,Mon Apr 13 15:33:23 PDT 2020,,,,,,,,3TUI152ZZDYF6AM1TR21D1LULU11QR,AILDNTO2TWB4A,,,,,,,,471,,,,http://people.tamu.edu/~sina.mohseni/explanationsrating.html?key=0,No,"[{""i"":""mturk_id"",""r"":""AILDNTO2TWB4A"",""d"":0},{""i"":""2007_000528"",""r"":""8""},{""i"":""2007_000876"",""r"":""6""},{""i"":""2007_003778"",""r"":""9""},{""i"":""2008_000824"",""r"":""5""},{""i"":""2008_000950"",""r"":""10""},{""i"":""2008_001980"",""r"":""9""},{""i"":""2008_002177"",""r"":""1""},{""i"":""2008_002225"",""r"":""1""},{""i"":""2008_002294"",""r"":""4""},{""i"":""2008_002299"",""r"":""9""},{""i"":""2008_002410"",""r"":""8""},{""i"":""2008_002583"",""r"":""7""},{""i"":""2008_003386"",""r"":""9""},{""i"":""2008_003559"",""r"":""2""},{""i"":""2008_003559"",""r"":""2""}]",40,4
3MG8450X2PL8TBFR50SVZE4SWDWPUX,3T5H7R2NRDVYOAEKH1BETGKV1NUWZ5,,,,$0.40 ,Mon Apr 13 15:33:23 PDT 2020,,,,,,,,3UNH76FOCUGLB1ZCDN2TAFCZIE5YMR,A320QA9HJFUOZO,,,,,,,,256,,,,http://people.tamu.edu/~sina.mohseni/explanationsrating.html?key=0,You probably should make HITs that don't automatically download suspicious files onto people's computers,"[{""i"":""mturk_id"",""r"":""A320QA9HJFUOZO"",""d"":0},{""i"":""2007_000528"",""r"":""9""},{""i"":""2007_000876"",""r"":""1""},{""i"":""2007_003778"",""r"":""9""},{""i"":""2008_000824"",""r"":""2""},{""i"":""2008_000950"",""r"":""10""},{""i"":""2008_001980"",""r"":""8""},{""i"":""2008_002177"",""r"":""6""},{""i"":""2008_002225"",""r"":""4""},{""i"":""2008_002294"",""r"":""3""},{""i"":""2008_002299"",""r"":""9""},{""i"":""2008_002410"",""r"":""7""},{""i"":""2008_002583"",""r"":""8""},{""i"":""2008_003386"",""r"":""8""},{""i"":""2008_003559"",""r"":""6""}]",40,4
3MG8450X2PL8TBFR50SVZE4SWDWPUX,3T5H7R2NRDVYOAEKH1BETGKV1NUWZ5,,,,$0.40 ,Mon Apr 13 15:33:23 PDT 2020,,,,,,,,3VELCLL3GMUIFLWSFBR712HGESLF14,A1CW0W7Q2NLDDJ,,,,,,,,466,,,,http://people.tamu.edu/~sina.mohseni/explanationsrating.html?key=0,I copied everything from the file it downloaded. Hopefully i did it right.,"[{""i"":""mturk_id"",""r"":""A1CW0W7Q2NLDDJ"",""d"":0},{""i"":""2007_000528"",""r"":""8""},{""i"":""2007_000876"",""r"":""4""},{""i"":""2007_003778"",""r"":""9""},{""i"":""2008_000824"",""r"":""4""},{""i"":""2008_000950"",""r"":""9""},{""i"":""2008_001980"",""r"":""8""},{""i"":""2008_002177"",""r"":""7""},{""i"":""2008_002225"",""r"":""7""},{""i"":""2008_002294"",""r"":""7""},{""i"":""2008_002299"",""r"":""9""},{""i"":""2008_002410"",""r"":""8""},{""i"":""2008_002583"",""r"":""10""},{""i"":""2008_003386"",""r"":""9""},{""i"":""2008_003559"",""r"":""7""}]",40,4
3MG8450X2PL8TBFR50SVZE4SWDWPUX,3T5H7R2NRDVYOAEKH1BETGKV1NUWZ5,,,,$0.40 ,Mon Apr 13 15:33:23 PDT 2020,,,,,,,,3VP0C6EFSI7JSHP67471ROS6J4D6M0,A82Q1HS5CPZ5I,,,,,,,,363,,,,http://people.tamu.edu/~sina.mohseni/explanationsrating.html?key=0,no,"[{""i"":""mturk_id"",""r"":""A82Q1HS5CPZ5I"",""d"":0},{""i"":""2007_000528"",""r"":""8""},{""i"":""2007_000876"",""r"":""4""},{""i"":""2007_003778"",""r"":""8""},{""i"":""2008_000824"",""r"":""2""},{""i"":""2008_000950"",""r"":""9""},{""i"":""2008_001980"",""r"":""8""},{""i"":""2008_002177"",""r"":""7""},{""i"":""2008_002225"",""r"":""3""},{""i"":""2008_002294"",""r"":""3""},{""i"":""2008_002299"",""r"":""9""},{""i"":""2008_002410"",""r"":""8""},{""i"":""2008_002583"",""r"":""8""},{""i"":""2008_003386"",""r"":""10""},{""i"":""2008_003559"",""r"":""7""},{""i"":""2008_003386"",""r"":""9""},{""i"":""2008_003559"",""r"":""7""}]",60,6
3MG8450X2PL8TBFR50SVZE4SWDWPUX,3T5H7R2NRDVYOAEKH1BETGKV1NUWZ5,,,,$0.40 ,Mon Apr 13 15:33:23 PDT 2020,,,,,,,,3YOH7BII0BI9HJ44N02TO3G1BSEVKG,ARGR4AJESGHHP,,,,,,,,1948,,,,http://people.tamu.edu/~sina.mohseni/explanationsrating.html?key=0,none,"[{""i"":""mturk_id"",""r"":""ARGR4AJESGHHP"",""d"":0},{""i"":""2007_000528"",""r"":""10""},{""i"":""2007_000876"",""r"":""9""},{""i"":""2007_003778"",""r"":""8""},{""i"":""2008_000824"",""r"":""10""},{""i"":""2008_000950"",""r"":""10""},{""i"":""2008_001980"",""r"":""8""},{""i"":""2008_002177"",""r"":""9""},{""i"":""2008_002225"",""r"":""10""},{""i"":""2008_002294"",""r"":""8""},{""i"":""2008_002299"",""r"":""9""},{""i"":""2008_002410"",""r"":""10""},{""i"":""2008_002583"",""r"":""8""},{""i"":""2008_003386"",""r"":""8""},{""i"":""2008_003559"",""r"":""10""}]",50,5
375VSR8FVXKARNPGOFVSL1JMZDZZRO,3T5H7R2NRDVYOAEKH1BETGKV1NUWZ5,,,,$0.40 ,Mon Apr 13 15:33:23 PDT 2020,,,,,,,,32XVDSJFP18VAG65K2VY1BBU302M2S,A29GLTXKFWGH1Z,,,,,,,,129,,,,http://people.tamu.edu/~sina.mohseni/explanationsrating.html?key=1,code not found,"[{""i"":""mturk_id"",""r"":""A29GLTXKFWGH1Z"",""d"":0},{""i"":""2008_004303"",""r"":""8""},{""i"":""2008_005300"",""r"":""8""},{""i"":""2008_005496"",""r"":""8""},{""i"":""2008_005566"",""r"":""9""},{""i"":""2008_005600"",""r"":""7""},{""i"":""2008_006081"",""r"":""8""},{""i"":""2008_006377"",""r"":""6""},{""i"":""2008_006609"",""r"":""9""},{""i"":""2008_007403"",""r"":""6""},{""i"":""2008_007610"",""r"":""10""},{""i"":""2009_000504"",""r"":""7""},{""i"":""2009_000684"",""r"":""6""},{""i"":""2009_001391"",""r"":""5""},{""i"":""2009_002008"",""r"":""7""}]",50,5
375VSR8FVXKARNPGOFVSL1JMZDZZRO,3T5H7R2NRDVYOAEKH1BETGKV1NUWZ5,,,,$0.40 ,Mon Apr 13 15:33:23 PDT 2020,,,,,,,,35GMH2SV3GSB5Z3XQ25CVG9OV30EOU,A2KWEVSI7P1RGQ,,,,,,,,1992,,,,http://people.tamu.edu/~sina.mohseni/explanationsrating.html?key=1,code not found,"[{""i"":""mturk_id"",""r"":""A2KWEVSI7P1RGQ"",""d"":0},{""i"":""2008_004303"",""r"":""10""},{""i"":""2008_005300"",""r"":""7""},{""i"":""2008_005496"",""r"":""7""},{""i"":""2008_005566"",""r"":""7""},{""i"":""2008_005600"",""r"":""7""},{""i"":""2008_006081"",""r"":""8""},{""i"":""2008_006377"",""r"":""6""},{""i"":""2008_006609"",""r"":""7""},{""i"":""2008_007403"",""r"":""6""},{""i"":""2008_007610"",""r"":""7""},{""i"":""2009_000504"",""r"":""7""},{""i"":""2009_000684"",""r"":""5""},{""i"":""2009_001391"",""r"":""8""},{""i"":""2009_002008"",""r"":""6""}]",40,4
375VSR8FVXKARNPGOFVSL1JMZDZZRO,3T5H7R2NRDVYOAEKH1BETGKV1NUWZ5,,,,$0.40 ,Mon Apr 13 15:33:23 PDT 2020,,,,,,,,39K0FND3AJQKFJ19XHOD7TUSFN5MA8,A2B6WQG0A9CKXQ,,,,,,,,2182,,,,http://people.tamu.edu/~sina.mohseni/explanationsrating.html?key=1,{},"[{""i"":""mturk_id"",""r"":""A2B6WQG0A9CKXQ"",""d"":0},{""i"":""2008_004303"",""r"":""2""},{""i"":""2008_005300"",""r"":""4""},{""i"":""2008_005496"",""r"":""6""},{""i"":""2008_005566"",""r"":""9""},{""i"":""2008_005600"",""r"":""9""},{""i"":""2008_006081"",""r"":""5""},{""i"":""2008_006377"",""r"":""9""},{""i"":""2008_006609"",""r"":""8""},{""i"":""2008_007403"",""r"":""3""},{""i"":""2008_007610"",""r"":""8""},{""i"":""2009_000504"",""r"":""7""},{""i"":""2009_000684"",""r"":""8""},{""i"":""2009_001391"",""r"":""9""},{""i"":""2009_002008"",""r"":""4""}]",40,4
375VSR8FVXKARNPGOFVSL1JMZDZZRO,3T5H7R2NRDVYOAEKH1BETGKV1NUWZ5,,,,$0.40 ,Mon Apr 13 15:33:23 PDT 2020,,,,,,,,3B3WTRP3DDDG3WNBVTRTWP5A31Y29C,A5PKYZJRK1ZFW,,,,,,,,950,,,,http://people.tamu.edu/~sina.mohseni/explanationsrating.html?key=1,"Make it much clearer what the code is please, I'm not sure I even pasted the right thing","[{""i"":""mturk_id"",""r"":""A5PKYZJRK1ZFW"",""d"":0},{""i"":""2008_004303"",""r"":""5""},{""i"":""2008_005300"",""r"":""7""},{""i"":""2008_005496"",""r"":""3""},{""i"":""2008_005566"",""r"":""7""},{""i"":""2008_005600"",""r"":""5""},{""i"":""2008_006081"",""r"":""5""},{""i"":""2008_006377"",""r"":""5""},{""i"":""2008_006609"",""r"":""6""},{""i"":""2008_007403"",""r"":""4""},{""i"":""2008_007610"",""r"":""8""},{""i"":""2009_000504"",""r"":""7""},{""i"":""2009_000684"",""r"":""8""},{""i"":""2009_001391"",""r"":""7""},{""i"":""2009_002008"",""r"":""6""}]",50,5
375VSR8FVXKARNPGOFVSL1JMZDZZRO,3T5H7R2NRDVYOAEKH1BETGKV1NUWZ5,,,,$0.40 ,Mon Apr 13 15:33:23 PDT 2020,,,,,,,,3NPI0JQDAQGVFIXVVX7MJ2EF8HYTPT,A2ZQCHONMAJZF,,,,,,,,878,,,,http://people.tamu.edu/~sina.mohseni/explanationsrating.html?key=1,Maybe make the survey code a bit shorter instead of a whole browser length worth.,"[{""i"":""mturk_id"",""r"":""A2ZQCHONMAJZF"",""d"":0},{""i"":""2008_004303"",""r"":""2""},{""i"":""2008_005300"",""r"":""1""},{""i"":""2008_005496"",""r"":""5""},{""i"":""2008_005566"",""r"":""10""},{""i"":""2008_005600"",""r"":""10""},{""i"":""2008_006081"",""r"":""1""},{""i"":""2008_006377"",""r"":""9""},{""i"":""2008_006609"",""r"":""8""},{""i"":""2008_007403"",""r"":""1""},{""i"":""2008_007610"",""r"":""8""},{""i"":""2009_000504"",""r"":""7""},{""i"":""2009_000684"",""r"":""8""},{""i"":""2009_001391"",""r"":""9""},{""i"":""2009_002008"",""r"":""4""}]",30,3
375VSR8FVXKARNPGOFVSL1JMZDZZRO,3T5H7R2NRDVYOAEKH1BETGKV1NUWZ5,,,,$0.40 ,Mon Apr 13 15:33:23 PDT 2020,,,,,,,,3RXPCZQMQRMOTLSNQVXPJNHSF7PG18,A2BZY06YRWGEDL,,,,,,,,225,,,,http://people.tamu.edu/~sina.mohseni/explanationsrating.html?key=1,{},"[{""i"":""mturk_id"",""r"":""A2BZY06YRWGEDL"",""d"":0},{""i"":""2008_004303"",""r"":""2""},{""i"":""2008_005300"",""r"":""1""},{""i"":""2008_005496"",""r"":""6""},{""i"":""2008_005566"",""r"":""7""},{""i"":""2008_005600"",""r"":""7""},{""i"":""2008_006081"",""r"":""1""},{""i"":""2008_006377"",""r"":""7""},{""i"":""2008_006609"",""r"":""8""},{""i"":""2008_007403"",""r"":""1""},{""i"":""2008_007610"",""r"":""7""},{""i"":""2009_000504"",""r"":""5""},{""i"":""2009_000684"",""r"":""8""},{""i"":""2009_001391"",""r"":""7""},{""i"":""2009_002008"",""r"":""5""}]",40,4
375VSR8FVXKARNPGOFVSL1JMZDZZRO,3T5H7R2NRDVYOAEKH1BETGKV1NUWZ5,,,,$0.40 ,Mon Apr 13 15:33:23 PDT 2020,,,,,,,,3TOK3KHVJVTQWKON3UR6P6H79FJ7OM,A2RJBMEEVBZ8EZ,,,,,,,,1956,,,,http://people.tamu.edu/~sina.mohseni/explanationsrating.html?key=1,no,"[{""i"":""mturk_id"",""r"":""A2RJBMEEVBZ8EZ"",""d"":0},{""i"":""2008_004303"",""r"":""4""},{""i"":""2008_005300"",""r"":""5""},{""i"":""2008_005496"",""r"":""8""},{""i"":""2008_005566"",""r"":""5""},{""i"":""2008_005600"",""r"":""8""},{""i"":""2008_006081"",""r"":""3""},{""i"":""2008_006377"",""r"":""6""},{""i"":""2008_006609"",""r"":""4""},{""i"":""2008_007403"",""r"":""3""},{""i"":""2008_007610"",""r"":""6""},{""i"":""2009_000504"",""r"":""4""},{""i"":""2009_000684"",""r"":""6""},{""i"":""2009_001391"",""r"":""4""},{""i"":""2009_002008"",""r"":""7""}]",70,10
375VSR8FVXKARNPGOFVSL1JMZDZZRO,3T5H7R2NRDVYOAEKH1BETGKV1NUWZ5,,,,$0.40 ,Mon Apr 13 15:33:23 PDT 2020,,,,,,,,3TVSS0C0E3BLZRUW7JLHBWMB1E1WTR,ACZK4PTILUFAP,,,,,,,,1079,,,,http://people.tamu.edu/~sina.mohseni/explanationsrating.html?key=1,{},"[{""i"":""mturk_id"",""r"":""ACZK4PTILUFAP"",""d"":0},{""i"":""2008_004303"",""r"":""5""},{""i"":""2008_005300"",""r"":""4""},{""i"":""2008_005496"",""r"":""4""},{""i"":""2008_005566"",""r"":""6""},{""i"":""2008_005600"",""r"":""4""},{""i"":""2008_006081"",""r"":""6""},{""i"":""2008_006377"",""r"":""6""},{""i"":""2008_006609"",""r"":""5""},{""i"":""2008_007403"",""r"":""6""},{""i"":""2008_007610"",""r"":""5""},{""i"":""2009_000504"",""r"":""5""},{""i"":""2009_000684"",""r"":""5""},{""i"":""2009_001391"",""r"":""8""},{""i"":""2009_002008"",""r"":""7""}]",50,5
375VSR8FVXKARNPGOFVSL1JMZDZZRO,3T5H7R2NRDVYOAEKH1BETGKV1NUWZ5,,,,$0.40 ,Mon Apr 13 15:33:23 PDT 2020,,,,,,,,3YOH7BII0BI9HJ44N02TO3G1BSGKV7,AYYSG3O9FNU15,,,,,,,,283,,,,http://people.tamu.edu/~sina.mohseni/explanationsrating.html?key=1,{},"[{""i"":""mturk_id"",""r"":""AYYSG3O9FNU15"",""d"":0},{""i"":""2008_004303"",""r"":""3""},{""i"":""2008_005300"",""r"":""6""},{""i"":""2008_005496"",""r"":""7""},{""i"":""2008_005566"",""r"":""9""},{""i"":""2008_005600"",""r"":""9""},{""i"":""2008_006081"",""r"":""2""},{""i"":""2008_006377"",""r"":""8""},{""i"":""2008_006609"",""r"":""9""},{""i"":""2008_007403"",""r"":""1""},{""i"":""2008_007610"",""r"":""7""},{""i"":""2009_000504"",""r"":""4""},{""i"":""2009_000684"",""r"":""7""},{""i"":""2009_001391"",""r"":""7""},{""i"":""2009_002008"",""r"":""6""}]",40,4
375VSR8FVXKARNPGOFVSL1JMZDZZRO,3T5H7R2NRDVYOAEKH1BETGKV1NUWZ5,,,,$0.40 ,Mon Apr 13 15:33:23 PDT 2020,,,,,,,,3ZAK8W07I6P7RE80EHI69XZ9JOI0UB,A1UHNDB2EQ8TK0,,,,,,,,1383,,,,http://people.tamu.edu/~sina.mohseni/explanationsrating.html?key=1,{},{},,0
3W9XHF7WGL6SI73MS3XDY1WRJPJKT0,3T5H7R2NRDVYOAEKH1BETGKV1NUWZ5,,,,$0.40 ,Mon Apr 13 15:33:23 PDT 2020,,,,,,,,30H4UDGLT4TR2N7BM06AXOJNE92PMO,A23NUJAGS4J5N,,,,,,,,432,,,,http://people.tamu.edu/~sina.mohseni/explanationsrating.html?key=2,{},"[{""i"":""mturk_id"",""r"":""A23NUJAGS4J5N"",""d"":0},{""i"":""2009_003904"",""r"":""8""},{""i"":""2010_000500"",""r"":""10""},{""i"":""2010_000799"",""r"":""10""},{""i"":""2010_003299"",""r"":""2""},{""i"":""2010_004712"",""r"":""9""},{""i"":""2010_005344"",""r"":""6""},{""i"":""2010_005697"",""r"":""9""},{""i"":""2011_001900"",""r"":""10""},{""i"":""2007_001239"",""r"":""4""},{""i"":""2007_001763"",""r"":""7""},{""i"":""2007_008260"",""r"":""6""},{""i"":""2007_008415"",""r"":""3""},{""i"":""2007_009331"",""r"":""4""},{""i"":""2007_009562"",""r"":""5""},{""i"":""2007_009562"",""r"":""5""}]",60,6
3W9XHF7WGL6SI73MS3XDY1WRJPJKT0,3T5H7R2NRDVYOAEKH1BETGKV1NUWZ5,,,,$0.40 ,Mon Apr 13 15:33:23 PDT 2020,,,,,,,,388U7OUMF9CFBMGJANN14MCPCPCR0W,A2KC0PSGG2OIQX,,,,,,,,987,,,,http://people.tamu.edu/~sina.mohseni/explanationsrating.html?key=2,NO,"[{""i"":""mturk_id"",""r"":""A2KC0PSGG2OIQX"",""d"":0},{""i"":""2009_003904"",""r"":""5""},{""i"":""2010_000500"",""r"":""4""},{""i"":""2010_000799"",""r"":""4""},{""i"":""2010_003299"",""r"":""3""},{""i"":""2010_004712"",""r"":""3""},{""i"":""2010_005344"",""r"":""6""},{""i"":""2010_005697"",""r"":""5""},{""i"":""2011_001900"",""r"":""5""},{""i"":""2007_001239"",""r"":""4""},{""i"":""2007_001763"",""r"":""4""},{""i"":""2007_008260"",""r"":""3""},{""i"":""2007_008415"",""r"":""3""},{""i"":""2007_009331"",""r"":""4""},{""i"":""2007_009562"",""r"":""6""},{""i"":""2007_009562"",""r"":""6""}]",30,3
3W9XHF7WGL6SI73MS3XDY1WRJPJKT0,3T5H7R2NRDVYOAEKH1BETGKV1NUWZ5,,,,$0.40 ,Mon Apr 13 15:33:23 PDT 2020,,,,,,,,39GXDJN2OVPPMI23EB5QYY7AGSN8VD,A29GLTXKFWGH1Z,,,,,,,,2927,,,,http://people.tamu.edu/~sina.mohseni/explanationsrating.html?key=2,{},"[{""i"":""mturk_id"",""r"":""A29GLTXKFWGH1Z"",""d"":0},{""i"":""2009_003904"",""r"":""10""},{""i"":""2010_000500"",""r"":""10""},{""i"":""2010_000500"",""r"":""10""},{""i"":""2010_000799"",""r"":""10""},{""i"":""2010_003299"",""r"":""10""},{""i"":""2010_004712"",""r"":""10""},{""i"":""2010_005344"",""r"":""10""},{""i"":""2010_005697"",""r"":""10""},{""i"":""2011_001900"",""r"":""10""},{""i"":""2007_001239"",""r"":""7""},{""i"":""2007_001763"",""r"":""8""},{""i"":""2007_008260"",""r"":""9""},{""i"":""2007_008415"",""r"":""4""},{""i"":""2007_009331"",""r"":""7""},{""i"":""2007_009562"",""r"":""7""}]",60,6
3W9XHF7WGL6SI73MS3XDY1WRJPJKT0,3T5H7R2NRDVYOAEKH1BETGKV1NUWZ5,,,,$0.40 ,Mon Apr 13 15:33:23 PDT 2020,,,,,,,,3A0EX8ZRNAZPSAVFMYCKWZ156F2BYG,A2O7LNRIBPIHAF,,,,,,,,2273,,,,http://people.tamu.edu/~sina.mohseni/explanationsrating.html?key=2,No issues. Thank you.,"[{""i"":""mturk_id"",""r"":""A2O7LNRIBPIHAF"",""d"":0},{""i"":""2009_003904"",""r"":""8""},{""i"":""2010_000500"",""r"":""9""},{""i"":""2010_000799"",""r"":""9""},{""i"":""2010_003299"",""r"":""3""},{""i"":""2010_004712"",""r"":""9""},{""i"":""2010_005344"",""r"":""5""},{""i"":""2010_005697"",""r"":""9""},{""i"":""2011_001900"",""r"":""9""},{""i"":""2007_001239"",""r"":""5""},{""i"":""2007_001763"",""r"":""5""},{""i"":""2007_008260"",""r"":""7""},{""i"":""2007_008415"",""r"":""2""},{""i"":""2007_009331"",""r"":""4""},{""i"":""2007_009562"",""r"":""3""},{""i"":""2007_009562"",""r"":""3""}]",50,5
3W9XHF7WGL6SI73MS3XDY1WRJPJKT0,3T5H7R2NRDVYOAEKH1BETGKV1NUWZ5,,,,$0.40 ,Mon Apr 13 15:33:23 PDT 2020,,,,,,,,3HFNH7HEMJPCAPC4BAN4KOP0NK2GQQ,A1OKRXYRGH6Y4S,,,,,,,,1264,,,,http://people.tamu.edu/~sina.mohseni/explanationsrating.html?key=2,nothing,arun,70,10
3W9XHF7WGL6SI73MS3XDY1WRJPJKT0,3T5H7R2NRDVYOAEKH1BETGKV1NUWZ5,,,,$0.40 ,Mon Apr 13 15:33:23 PDT 2020,,,,,,,,3NGI5ARFTVGU6YLMTENCDWVKGYFP1O,A3VHNIFFP8Y9H7,,,,,,,,377,,,,http://people.tamu.edu/~sina.mohseni/explanationsrating.html?key=2,{},"[{""i"":""mturk_id"",""r"":""A3VHNIFFP8Y9H7"",""d"":0},{""i"":""2009_003904"",""r"":""7""},{""i"":""2010_000500"",""r"":""8""},{""i"":""2010_000799"",""r"":""9""},{""i"":""2010_003299"",""r"":""4""},{""i"":""2010_004712"",""r"":""8""},{""i"":""2010_005344"",""r"":""5""},{""i"":""2010_005697"",""r"":""9""},{""i"":""2011_001900"",""r"":""9""},{""i"":""2007_001239"",""r"":""6""},{""i"":""2007_001763"",""r"":""7""},{""i"":""2007_008260"",""r"":""9""},{""i"":""2007_008415"",""r"":""5""},{""i"":""2007_009331"",""r"":""5""},{""i"":""2007_009562"",""r"":""7""}]",60,6
3W9XHF7WGL6SI73MS3XDY1WRJPJKT0,3T5H7R2NRDVYOAEKH1BETGKV1NUWZ5,,,,$0.40 ,Mon Apr 13 15:33:23 PDT 2020,,,,,,,,3QJOXOW4XL2N5WILDMQZ3CKJ03UEMO,A1IMRSDQ7RO9US,,,,,,,,688,,,,http://people.tamu.edu/~sina.mohseni/explanationsrating.html?key=2,no issues,"[{""i"":""mturk_id"",""r"":""A1IMRSDQ7RO9US"",""d"":0},{""i"":""2009_003904"",""r"":""2""},{""i"":""2010_000500"",""r"":""2""},{""i"":""2010_000799"",""r"":""6""},{""i"":""2010_003299"",""r"":""3""},{""i"":""2010_004712"",""r"":""7""},{""i"":""2010_005344"",""r"":""2""},{""i"":""2010_005697"",""r"":""2""},{""i"":""2011_001900"",""r"":""2""},{""i"":""2007_001239"",""r"":""1""},{""i"":""2007_001763"",""r"":""2""},{""i"":""2007_008260"",""r"":""4""},{""i"":""2007_008415"",""r"":""4""},{""i"":""2007_009331"",""r"":""5""},{""i"":""2007_009562"",""r"":""3""},{""i"":""2007_009562"",""r"":""3""},{""i"":""2007_009562"",""r"":""3""}]",70,10
3W9XHF7WGL6SI73MS3XDY1WRJPJKT0,3T5H7R2NRDVYOAEKH1BETGKV1NUWZ5,,,,$0.40 ,Mon Apr 13 15:33:23 PDT 2020,,,,,,,,3WMINLGALDE76XPIKSUZ4XPGLARCA8,AU6SRME5DNC67,,,,,,,,2260,,,,http://people.tamu.edu/~sina.mohseni/explanationsrating.html?key=2,no,"[{""i"":""mturk_id"",""r"":""AU6SRME5DNC67"",""d"":0},{""i"":""2009_003904"",""r"":""7""},{""i"":""2010_000500"",""r"":""5""},{""i"":""2010_000799"",""r"":""8""},{""i"":""2010_003299"",""r"":""5""},{""i"":""2010_004712"",""r"":""4""},{""i"":""2010_005344"",""r"":""8""},{""i"":""2010_005697"",""r"":""7""},{""i"":""2011_001900"",""r"":""6""},{""i"":""2007_001239"",""r"":""4""},{""i"":""2007_001763"",""r"":""6""},{""i"":""2007_008260"",""r"":""5""},{""i"":""2007_008415"",""r"":""5""},{""i"":""2007_009331"",""r"":""6""},{""i"":""2007_009562"",""r"":""5""}]",70,10
3W9XHF7WGL6SI73MS3XDY1WRJPJKT0,3T5H7R2NRDVYOAEKH1BETGKV1NUWZ5,,,,$0.40 ,Mon Apr 13 15:33:23 PDT 2020,,,,,,,,3ZQIG0FLQGR0CJYLCELWCEAWYZHWV7,A2287HLNN9EZ56,,,,,,,,696,,,,http://people.tamu.edu/~sina.mohseni/explanationsrating.html?key=2,"The code page seemed possibly broken, I'm not sure.","[{""i"":""mturk_id"",""r"":""A2287HLNN9EZ56"",""d"":0},{""i"":""2009_003904"",""r"":""8""},{""i"":""2010_000500"",""r"":""9""},{""i"":""2010_000799"",""r"":""6""},{""i"":""2010_003299"",""r"":""3""},{""i"":""2010_004712"",""r"":""9""},{""i"":""2010_005344"",""r"":""6""},{""i"":""2010_005697"",""r"":""9""},{""i"":""2011_001900"",""r"":""7""},{""i"":""2007_001239"",""r"":""6""},{""i"":""2007_001763"",""r"":""5""},{""i"":""2007_008260"",""r"":""7""},{""i"":""2007_008415"",""r"":""3""},{""i"":""2007_009331"",""r"":""6""},{""i"":""2007_009562"",""r"":""6""}]",30,3
3W9XHF7WGL6SI73MS3XDY1WRJPJKT0,3T5H7R2NRDVYOAEKH1BETGKV1NUWZ5,,,,$0.40 ,Mon Apr 13 15:33:23 PDT 2020,,,,,,,,3ZSANO2JCHII95VMSU6RX34P4SXSF0,ATHSSX3LY8B67,,,,,,,,871,,,,http://people.tamu.edu/~sina.mohseni/explanationsrating.html?key=2,{},"[{""i"":""mturk_id"",""r"":""ATHSSX3LY8B67"",""d"":0},{""i"":""2009_003904"",""r"":""10""},{""i"":""2010_000500"",""r"":""9""},{""i"":""2010_000799"",""r"":""7""},{""i"":""2010_003299"",""r"":""2""},{""i"":""2010_004712"",""r"":""8""},{""i"":""2010_005344"",""r"":""10""},{""i"":""2010_005697"",""r"":""10""},{""i"":""2011_001900"",""r"":""9""},{""i"":""2007_001239"",""r"":""5""},{""i"":""2007_001763"",""r"":""3""},{""i"":""2007_008260"",""r"":""2""},{""i"":""2007_008415"",""r"":""1""},{""i"":""2007_009331"",""r"":""6""},{""i"":""2007_009562"",""r"":""9""}]",70,10
3HXK2V1N4LQTWMDQJXS2ZMV8CVPG21,3T5H7R2NRDVYOAEKH1BETGKV1NUWZ5,,,,$0.40 ,Mon Apr 13 15:33:23 PDT 2020,,,,,,,,337RC3OW07DK1PMM80EU33TG0SHLV7,AJHQLOZH3W1II,,,,,,,,1764,,,,http://people.tamu.edu/~sina.mohseni/explanationsrating.html?key=3,NONE,"[{""i"":""mturk_id"",""r"":""AJHQLOZH3W1II"",""d"":0},{""i"":""2007_009889"",""r"":""9""},{""i"":""2008_002003"",""r"":""9""},{""i"":""2008_002536"",""r"":""9""},{""i"":""2008_002936"",""r"":""9""},{""i"":""2008_003101"",""r"":""9""},{""i"":""2008_003497"",""r"":""10""},{""i"":""2008_004525"",""r"":""9""},{""i"":""2008_006546"",""r"":""9""},{""i"":""2008_006965"",""r"":""9""},{""i"":""2008_007021"",""r"":""9""},{""i"":""2008_007384"",""r"":""9""},{""i"":""2008_007537"",""r"":""9""},{""i"":""2008_007781"",""r"":""7""},{""i"":""2008_007902"",""r"":""9""}]",70,10
3HXK2V1N4LQTWMDQJXS2ZMV8CVPG21,3T5H7R2NRDVYOAEKH1BETGKV1NUWZ5,,,,$0.40 ,Mon Apr 13 15:33:23 PDT 2020,,,,,,,,34V1S5K3GUC4LX6CIV3WM2MMJ56964,A1ZZINLCZZYOH4,,,,,,,,479,,,,http://people.tamu.edu/~sina.mohseni/explanationsrating.html?key=3,No,"[{""i"":""mturk_id"",""r"":""A1ZZINLCZZYOH4"",""d"":0},{""i"":""2007_009889"",""r"":""3""},{""i"":""2008_002003"",""r"":""7""},{""i"":""2008_002536"",""r"":""3""},{""i"":""2008_002936"",""r"":""5""},{""i"":""2008_003101"",""r"":""8""},{""i"":""2008_003497"",""r"":""6""},{""i"":""2008_004525"",""r"":""3""},{""i"":""2008_006546"",""r"":""7""},{""i"":""2008_006965"",""r"":""7""},{""i"":""2008_007021"",""r"":""6""},{""i"":""2008_007384"",""r"":""8""},{""i"":""2008_007537"",""r"":""7""},{""i"":""2008_007781"",""r"":""5""},{""i"":""2008_007902"",""r"":""3""},{""i"":""2008_007902"",""r"":""3""}]",70,10
3HXK2V1N4LQTWMDQJXS2ZMV8CVPG21,3T5H7R2NRDVYOAEKH1BETGKV1NUWZ5,,,,$0.40 ,Mon Apr 13 15:33:23 PDT 2020,,,,,,,,3CN4LGXD5ZZ57BA67J2XOLVZWNPY41,AF6CWERDIMNIZ,,,,,,,,598,,,,http://people.tamu.edu/~sina.mohseni/explanationsrating.html?key=3,{},"[{""i"":""mturk_id"",""r"":""AF6CWERDIMNIZ"",""d"":0},{""i"":""2007_009889"",""r"":""6""},{""i"":""2008_002003"",""r"":""6""},{""i"":""2008_002536"",""r"":""4""},{""i"":""2008_002936"",""r"":""5""},{""i"":""2008_003101"",""r"":""8""},{""i"":""2008_003497"",""r"":""4""},{""i"":""2008_004525"",""r"":""6""},{""i"":""2008_006546"",""r"":""7""},{""i"":""2008_006965"",""r"":""2""},{""i"":""2008_007021"",""r"":""4""},{""i"":""2008_007384"",""r"":""6""},{""i"":""2008_007537"",""r"":""7""},{""i"":""2008_007781"",""r"":""6""},{""i"":""2008_007902"",""r"":""6""}]",70,10
3HXK2V1N4LQTWMDQJXS2ZMV8CVPG21,3T5H7R2NRDVYOAEKH1BETGKV1NUWZ5,,,,$0.40 ,Mon Apr 13 15:33:23 PDT 2020,,,,,,,,3COPXFW7XDNWCZ781OTUIBRJP47PKJ,AVIEE6LDH0BT5,,,,,,,,723,,,,http://people.tamu.edu/~sina.mohseni/explanationsrating.html?key=3,"Hello, instead of getting a code after finishing the survey I got this: 

[{""i"":""mturk_id"",""r"":""AVIEE6LDH0BT5"",""d"":0},{""i"":""2007_009889"",""r"":""5""},{""i"":""2008_002003"",""r"":""10""},{""i"":""2008_002536"",""r"":""6""},{""i"":""2008_002936"",""r"":""3""},{""i"":""2008_003101"",""r"":""10""},{""i"":""2008_003497"",""r"":""8""},{""i"":""2008_004525"",""r"":""5""},{""i"":""2008_006546"",""r"":""10""},{""i"":""2008_006965"",""r"":""2""},{""i"":""2008_007021"",""r"":""5""},{""i"":""2008_007384"",""r"":""5""},{""i"":""2008_007537"",""r"":""10""},{""i"":""2008_007781"",""r"":""5""},{""i"":""2008_007902"",""r"":""5""}]","[{""i"":""mturk_id"",""r"":""AVIEE6LDH0BT5"",""d"":0},{""i"":""2007_009889"",""r"":""5""},{""i"":""2008_002003"",""r"":""10""},{""i"":""2008_002536"",""r"":""6""},{""i"":""2008_002936"",""r"":""3""},{""i"":""2008_003101"",""r"":""10""},{""i"":""2008_003497"",""r"":""8""},{""i"":""2008_004525"",""r"":""5""},{""i"":""2008_006546"",""r"":""10""},{""i"":""2008_006965"",""r"":""2""},{""i"":""2008_007021"",""r"":""5""},{""i"":""2008_007384"",""r"":""5""},{""i"":""2008_007537"",""r"":""10""},{""i"":""2008_007781"",""r"":""5""},{""i"":""2008_007902"",""r"":""5""}]",60,6
3HXK2V1N4LQTWMDQJXS2ZMV8CVPG21,3T5H7R2NRDVYOAEKH1BETGKV1NUWZ5,,,,$0.40 ,Mon Apr 13 15:33:23 PDT 2020,,,,,,,,3CP1TO84PVCX29LZS3ECK908H4N52U,A2IZDQOET9SLE3,,,,,,,,1142,,,,http://people.tamu.edu/~sina.mohseni/explanationsrating.html?key=3,"It would be helpful to provide a bit more about what the rating should be about - if the heat map includes one pet, but not another, is that a good rating, or a poor rating? Also, I didn't like that it automatically downloaded something to my computer - even if the intentions were good, that feels unsafe.","[{""i"":""mturk_id"",""r"":""A2IZDQOET9SLE3"",""d"":0},{""i"":""2007_009889"",""r"":""6""},{""i"":""2008_002003"",""r"":""8""},{""i"":""2008_002536"",""r"":""6""},{""i"":""2008_002936"",""r"":""4""},{""i"":""2008_003101"",""r"":""9""},{""i"":""2008_003497"",""r"":""9""},{""i"":""2008_004525"",""r"":""7""},{""i"":""2008_006546"",""r"":""10""},{""i"":""2008_006965"",""r"":""5""},{""i"":""2008_007021"",""r"":""7""},{""i"":""2008_007384"",""r"":""9""},{""i"":""2008_007537"",""r"":""10""},{""i"":""2008_007781"",""r"":""3""},{""i"":""2008_007902"",""r"":""5""},{""i"":""2008_007902"",""r"":""5""}]",60,6
3HXK2V1N4LQTWMDQJXS2ZMV8CVPG21,3T5H7R2NRDVYOAEKH1BETGKV1NUWZ5,,,,$0.40 ,Mon Apr 13 15:33:23 PDT 2020,,,,,,,,3PS7W85Z81DANVHOE8BPXCE03DRT99,AM2RT8BYNQFDR,,,,,,,,511,,,,http://people.tamu.edu/~sina.mohseni/explanationsrating.html?key=3,none,"[{""i"":""mturk_id"",""r"":""AM2RT8BYNQFDR"",""d"":0},{""i"":""2007_009889"",""r"":""4""},{""i"":""2008_002003"",""r"":""6""},{""i"":""2008_002536"",""r"":""7""},{""i"":""2008_002936"",""r"":""5""},{""i"":""2008_003101"",""r"":""9""},{""i"":""2008_003497"",""r"":""6""},{""i"":""2008_004525"",""r"":""6""},{""i"":""2008_006546"",""r"":""8""},{""i"":""2008_006965"",""r"":""7""},{""i"":""2008_007021"",""r"":""5""},{""i"":""2008_007384"",""r"":""6""},{""i"":""2008_007537"",""r"":""8""},{""i"":""2008_007781"",""r"":""7""},{""i"":""2008_007781"",""r"":""4""},{""i"":""2008_007902"",""r"":""5""},{""i"":""2008_007902"",""r"":""5""}]",60,6
3HXK2V1N4LQTWMDQJXS2ZMV8CVPG21,3T5H7R2NRDVYOAEKH1BETGKV1NUWZ5,,,,$0.40 ,Mon Apr 13 15:33:23 PDT 2020,,,,,,,,3TUI152ZZDYF6AM1TR21D1LULU0Q1F,A3H7GCFS21E253,,,,,,,,1614,,,,http://people.tamu.edu/~sina.mohseni/explanationsrating.html?key=3,{},"[{""i"":""mturk_id"",""r"":""A3H7GCFS21E253"",""d"":0},{""i"":""2007_009889"",""r"":""4""},{""i"":""2008_002003"",""r"":""6""},{""i"":""2008_002536"",""r"":""3""},{""i"":""2008_002936"",""r"":""5""},{""i"":""2008_003101"",""r"":""9""},{""i"":""2008_003497"",""r"":""9""},{""i"":""2008_004525"",""r"":""5""},{""i"":""2008_006546"",""r"":""9""},{""i"":""2008_006965"",""r"":""6""},{""i"":""2008_007021"",""r"":""3""},{""i"":""2008_007384"",""r"":""7""},{""i"":""2008_007537"",""r"":""9""},{""i"":""2008_007781"",""r"":""4""},{""i"":""2008_007902"",""r"":""5""}]",40,4
3HXK2V1N4LQTWMDQJXS2ZMV8CVPG21,3T5H7R2NRDVYOAEKH1BETGKV1NUWZ5,,,,$0.40 ,Mon Apr 13 15:33:23 PDT 2020,,,,,,,,3UOUJI6MTFPFO4EBHT7DIBMKTUGUXB,A2CPJ227RHJRRZ,,,,,,,,1597,,,,http://people.tamu.edu/~sina.mohseni/explanationsrating.html?key=3,"Better fix the survey consent form promising $10.00 for completions in one hour! Also how was I supposed to react to multiple animals. The system seemed unable to focus on more than one animal at a time. And laslty completion code given was a json file, I just copy pasted what was on the file.","[{""i"":""mturk_id"",""r"":""A2CPJ227RHJRRZ"",""d"":0},{""i"":""2007_009889"",""r"":""3""},{""i"":""2008_002003"",""r"":""9""},{""i"":""2008_002536"",""r"":""1""},{""i"":""2007_009889"",""r"":""4""},{""i"":""2008_002003"",""r"":""9""},{""i"":""2008_002536"",""r"":""2""},{""i"":""2008_002936"",""r"":""2""},{""i"":""2008_003101"",""r"":""10""},{""i"":""2008_003497"",""r"":""7""},{""i"":""2008_004525"",""r"":""4""},{""i"":""2008_006546"",""r"":""8""},{""i"":""2008_006965"",""r"":""5""},{""i"":""2008_007021"",""r"":""6""},{""i"":""2008_007384"",""r"":""7""},{""i"":""2008_007537"",""r"":""8""},{""i"":""2008_007781"",""r"":""3""},{""i"":""2008_007902"",""r"":""7""}]",70,10
3HXK2V1N4LQTWMDQJXS2ZMV8CVPG21,3T5H7R2NRDVYOAEKH1BETGKV1NUWZ5,,,,$0.40 ,Mon Apr 13 15:33:23 PDT 2020,,,,,,,,3Z4AIRP3C8OZF7NDF5XT79HNIXGX1C,A03172343NB8PHOPICC1,,,,,,,,509,,,,http://people.tamu.edu/~sina.mohseni/explanationsrating.html?key=3,The code was a bit confusing but I think I submitted it correctly.,"[{""i"":""mturk_id"",""r"":""A03172343NB8PHOPICC1"",""d"":0},{""i"":""2007_009889"",""r"":""6""},{""i"":""2008_002003"",""r"":""1""},{""i"":""2008_002536"",""r"":""4""},{""i"":""2008_002936"",""r"":""5""},{""i"":""2008_003101"",""r"":""5""},{""i"":""2008_003497"",""r"":""4""},{""i"":""2008_004525"",""r"":""6""},{""i"":""2008_006546"",""r"":""8""},{""i"":""2008_006965"",""r"":""4""},{""i"":""2008_007021"",""r"":""6""},{""i"":""2008_007384"",""r"":""5""},{""i"":""2008_007537"",""r"":""6""},{""i"":""2008_007781"",""r"":""4""},{""i"":""2008_007902"",""r"":""7""}]",70,10
3HXK2V1N4LQTWMDQJXS2ZMV8CVPG21,3T5H7R2NRDVYOAEKH1BETGKV1NUWZ5,,,,$0.40 ,Mon Apr 13 15:33:23 PDT 2020,,,,,,,,3ZOTGHDK5KMCFI8FRXPHKXD3WUISOI,A349TSPKFHIWE1,,,,,,,,1549,,,,http://people.tamu.edu/~sina.mohseni/explanationsrating.html?key=3,no,"[{""i"":""mturk_id"",""r"":""A349TSPKFHIWE1"",""d"":0},{""i"":""2007_009889"",""r"":""6""},{""i"":""2008_002003"",""r"":""8""},{""i"":""2008_002536"",""r"":""4""},{""i"":""2008_002936"",""r"":""4""},{""i"":""2008_003101"",""r"":""9""},{""i"":""2008_003497"",""r"":""5""},{""i"":""2008_004525"",""r"":""5""},{""i"":""2008_006546"",""r"":""8""},{""i"":""2008_006965"",""r"":""4""},{""i"":""2008_007021"",""r"":""5""},{""i"":""2008_007384"",""r"":""4""},{""i"":""2008_007537"",""r"":""9""},{""i"":""2008_007781"",""r"":""3""},{""i"":""2008_007902"",""r"":""7""},{""i"":""2008_007902"",""r"":""7""}]",40,4
3IVKZBIBJ1K01HPZXIPQB4KDPP1SHF,3T5H7R2NRDVYOAEKH1BETGKV1NUWZ5,,,,$0.40 ,Mon Apr 13 15:33:23 PDT 2020,,,,,,,,33FBRBDW6QATN9W3NUAL86JLVLE8CL,A19OHGIR7P8YAK,,,,,,,,1388,,,,http://people.tamu.edu/~sina.mohseni/explanationsrating.html?key=4,nothing,"[{""i"":""mturk_id"",""r"":""A19OHGIR7P8YAK"",""d"":0},{""i"":""2008_008636"",""r"":""3""},{""i"":""2009_000282"",""r"":""2""},{""i"":""2009_000452"",""r"":""7""},{""i"":""2009_000804"",""r"":""2""},{""i"":""2009_001367"",""r"":""9""},{""i"":""2009_001446"",""r"":""10""},{""i"":""2009_001828"",""r"":""8""},{""i"":""2009_001833"",""r"":""10""},{""i"":""2009_002445"",""r"":""3""},{""i"":""2009_003986"",""r"":""2""},{""i"":""2010_000159"",""r"":""4""},{""i"":""2010_002817"",""r"":""6""},{""i"":""2010_003257"",""r"":""1""},{""i"":""2010_004970"",""r"":""10""},{""i"":""2010_004970"",""r"":""10""}]",70,10
3IVKZBIBJ1K01HPZXIPQB4KDPP1SHF,3T5H7R2NRDVYOAEKH1BETGKV1NUWZ5,,,,$0.40 ,Mon Apr 13 15:33:23 PDT 2020,,,,,,,,37W3JXSD68JHGDTQHP8GJDEQGGJWYG,A29NA4283YJ26D,,,,,,,,486,,,,http://people.tamu.edu/~sina.mohseni/explanationsrating.html?key=4,{},"[{""i"":""mturk_id"",""r"":""A29NA4283YJ26D"",""d"":0},{""i"":""2008_008636"",""r"":""1""},{""i"":""2009_000282"",""r"":""1""},{""i"":""2009_000452"",""r"":""3""},{""i"":""2009_000804"",""r"":""1""},{""i"":""2009_001367"",""r"":""9""},{""i"":""2009_001446"",""r"":""8""},{""i"":""2009_001828"",""r"":""5""},{""i"":""2009_001833"",""r"":""10""},{""i"":""2009_002445"",""r"":""3""},{""i"":""2009_003986"",""r"":""2""},{""i"":""2010_000159"",""r"":""2""},{""i"":""2010_002817"",""r"":""4""},{""i"":""2010_003257"",""r"":""1""},{""i"":""2010_004970"",""r"":""4""},{""i"":""2010_004970"",""r"":""4""}]",60,6
3IVKZBIBJ1K01HPZXIPQB4KDPP1SHF,3T5H7R2NRDVYOAEKH1BETGKV1NUWZ5,,,,$0.40 ,Mon Apr 13 15:33:23 PDT 2020,,,,,,,,38BQUHLA9YB9HNVA70TV8OEX447MO5,A32EHTVM3HPZJ8,,,,,,,,883,,,,http://people.tamu.edu/~sina.mohseni/explanationsrating.html?key=4,GOOD,2010_004970,50,5
3IVKZBIBJ1K01HPZXIPQB4KDPP1SHF,3T5H7R2NRDVYOAEKH1BETGKV1NUWZ5,,,,$0.40 ,Mon Apr 13 15:33:23 PDT 2020,,,,,,,,3DH6GAKTY00LA8YVSCSNIH88XJ4ZYS,A3VL1CBZ3BGQK7,,,,,,,,3147,,,,http://people.tamu.edu/~sina.mohseni/explanationsrating.html?key=4,{},"{""i"":""mturk_id"",""r"":""A3VL1CBZ3BGQK7"",""d"":0},{""i"":""2008_008636"",""r"":""2""},{""i"":""2009_000282"",""r"":""2""},{""i"":""2009_000452"",""r"":""3""},{""i"":""2009_000804"",""r"":""2""},{""i"":""2009_001367"",""r"":""10""},{""i"":""2009_001446"",""r"":""8""},{""i"":""2009_001828"",""r"":""8""},{""i"":""2009_001833"",""r"":""10""},{""i"":""2009_002445"",""r"":""3""},{""i"":""2009_003986"",""r"":""1""},{""i"":""2010_000159"",""r"":""2""},{""i"":""2010_002817"",""r"":""10""},{""i"":""2010_003257"",""r"":""2""},{""i"":""2010_004970"",""r"":""10""}]",50,5
3IVKZBIBJ1K01HPZXIPQB4KDPP1SHF,3T5H7R2NRDVYOAEKH1BETGKV1NUWZ5,,,,$0.40 ,Mon Apr 13 15:33:23 PDT 2020,,,,,,,,3JZQSN0I3SLFJ0MVXUCA8PLMGI0GF3,A1FKRZKU1H9YFC,,,,,,,,412,,,,http://people.tamu.edu/~sina.mohseni/explanationsrating.html?key=4,{},"[{""i"":""mturk_id"",""r"":""A1FKRZKU1H9YFC"",""d"":0},{""i"":""2008_008636"",""r"":""4""},{""i"":""2009_000282"",""r"":""2""},{""i"":""2009_000452"",""r"":""3""},{""i"":""2008_008636"",""r"":""5""},{""i"":""2009_000282"",""r"":""4""},{""i"":""2009_000452"",""r"":""4""},{""i"":""2009_000804"",""r"":""3""},{""i"":""2009_001367"",""r"":""10""},{""i"":""2009_001446"",""r"":""10""},{""i"":""2009_001828"",""r"":""9""},{""i"":""2009_001833"",""r"":""10""},{""i"":""2009_002445"",""r"":""4""},{""i"":""2009_003986"",""r"":""2""},{""i"":""2010_000159"",""r"":""6""},{""i"":""2010_002817"",""r"":""9""},{""i"":""2010_003257"",""r"":""2""},{""i"":""2010_004970"",""r"":""10""}]",50,5
3IVKZBIBJ1K01HPZXIPQB4KDPP1SHF,3T5H7R2NRDVYOAEKH1BETGKV1NUWZ5,,,,$0.40 ,Mon Apr 13 15:33:23 PDT 2020,,,,,,,,3NS0A6KXC6JLOHDVY66HBH14SM4GZZ,A2Y9O62M75TPM6,,,,,,,,263,,,,http://people.tamu.edu/~sina.mohseni/explanationsrating.html?key=4,{},"[{""i"":""mturk_id"",""r"":""A2Y9O62M75TPM6"",""d"":0},{""i"":""2008_008636"",""r"":""5""},{""i"":""2009_000282"",""r"":""3""},{""i"":""2009_000452"",""r"":""5""},{""i"":""2009_000804"",""r"":""5""},{""i"":""2009_001367"",""r"":""9""},{""i"":""2009_001446"",""r"":""9""},{""i"":""2009_001828"",""r"":""9""},{""i"":""2009_001833"",""r"":""9""},{""i"":""2009_002445"",""r"":""6""},{""i"":""2009_003986"",""r"":""3""},{""i"":""2010_000159"",""r"":""5""},{""i"":""2010_002817"",""r"":""1""},{""i"":""2010_003257"",""r"":""1""},{""i"":""2010_004970"",""r"":""10""}]",50,5
3IVKZBIBJ1K01HPZXIPQB4KDPP1SHF,3T5H7R2NRDVYOAEKH1BETGKV1NUWZ5,,,,$0.40 ,Mon Apr 13 15:33:23 PDT 2020,,,,,,,,3QXNC7EIPK697MKXG6NFD1CV62V90E,A36VE0W154IHO7,,,,,,,,976,,,,http://people.tamu.edu/~sina.mohseni/explanationsrating.html?key=4,{},A36VE0W154IHO7,70,10
3IVKZBIBJ1K01HPZXIPQB4KDPP1SHF,3T5H7R2NRDVYOAEKH1BETGKV1NUWZ5,,,,$0.40 ,Mon Apr 13 15:33:23 PDT 2020,,,,,,,,3T3IWE1XG8YGFUYAVAMBJ74PDDVTQV,A26MN6JIKD4NXU,,,,,,,,1953,,,,http://people.tamu.edu/~sina.mohseni/explanationsrating.html?key=4,"problem to download code, i think this is correct code","[{""i"":""mturk_id"",""r"":""A26MN6JIKD4NXU"",""d"":0},{""i"":""2008_008636"",""r"":""5""},{""i"":""2009_000282"",""r"":""3""},{""i"":""2009_000452"",""r"":""6""},{""i"":""2009_000804"",""r"":""8""},{""i"":""2009_001367"",""r"":""8""},{""i"":""2009_001446"",""r"":""5""},{""i"":""2009_001828"",""r"":""7""},{""i"":""2009_001833"",""r"":""8""},{""i"":""2009_002445"",""r"":""4""},{""i"":""2009_003986"",""r"":""3""},{""i"":""2010_000159"",""r"":""5""},{""i"":""2010_002817"",""r"":""8""},{""i"":""2010_003257"",""r"":""5""},{""i"":""2010_004970"",""r"":""9""},{""i"":""2010_004970"",""r"":""9""},{""i"":""2010_004970"",""r"":""9""}]",70,10
3IVKZBIBJ1K01HPZXIPQB4KDPP1SHF,3T5H7R2NRDVYOAEKH1BETGKV1NUWZ5,,,,$0.40 ,Mon Apr 13 15:33:23 PDT 2020,,,,,,,,3WI0P0II6339A6HDMZBWJTW86DYRD0,A2B6WQG0A9CKXQ,,,,,,,,1099,,,,http://people.tamu.edu/~sina.mohseni/explanationsrating.html?key=4,{},"[{""i"":""mturk_id"",""r"":""A2B6WQG0A9CKXQ"",""d"":0},{""i"":""2008_008636"",""r"":""4""},{""i"":""2009_000282"",""r"":""1""},{""i"":""2009_000452"",""r"":""4""},{""i"":""2009_000804"",""r"":""2""},{""i"":""2009_001367"",""r"":""7""},{""i"":""2009_001446"",""r"":""8""},{""i"":""2009_001828"",""r"":""6""},{""i"":""2009_001833"",""r"":""9""},{""i"":""2009_002445"",""r"":""2""},{""i"":""2009_003986"",""r"":""2""},{""i"":""2010_000159"",""r"":""5""},{""i"":""2010_002817"",""r"":""7""},{""i"":""2010_003257"",""r"":""1""},{""i"":""2010_004970"",""r"":""9""}]",30,3
3IVKZBIBJ1K01HPZXIPQB4KDPP1SHF,3T5H7R2NRDVYOAEKH1BETGKV1NUWZ5,,,,$0.40 ,Mon Apr 13 15:33:23 PDT 2020,,,,,,,,3WJ1OXY92CR5UUZ53GEU2BTXVIFA87,AGRKG3YT3KMD8,,,,,,,,422,,,,http://people.tamu.edu/~sina.mohseni/explanationsrating.html?key=4,{},"[{""i"":""mturk_id"",""r"":""AGRKG3YT3KMD8"",""d"":0},{""i"":""2008_008636"",""r"":""6""},{""i"":""2009_000282"",""r"":""3""},{""i"":""2009_000452"",""r"":""3""},{""i"":""2009_000804"",""r"":""3""},{""i"":""2009_001367"",""r"":""9""},{""i"":""2009_001446"",""r"":""9""},{""i"":""2009_001828"",""r"":""8""},{""i"":""2009_001833"",""r"":""10""},{""i"":""2009_002445"",""r"":""3""},{""i"":""2009_003986"",""r"":""2""},{""i"":""2010_000159"",""r"":""4""},{""i"":""2010_002817"",""r"":""8""},{""i"":""2010_003257"",""r"":""2""},{""i"":""2010_004970"",""r"":""10""}]",50,5
,,,,,,,,,,,,,,,,,,,,,,,,,,,,,,,6.3
